,instant,dteday,season,yr,mnth,holiday,weekday,workingday,weathersit,temp,hum,windspeed,casual,registered,cnt
0,1,1/1/2011,1,0,1,0,6,0,2,0.344167,0.805833,0.160446,331,654,985
1,2,1/2/2011,1,0,1,0,0,0,2,0.363478,0.696087,0.24853899999999998,131,670,801
2,3,1/3/2011,1,0,1,0,1,1,1,0.196364,0.43727299999999997,0.248309,120,1229,1349
3,4,1/4/2011,1,0,1,0,2,1,1,0.2,0.590435,0.160296,108,1454,1562
4,5,1/5/2011,1,0,1,0,3,1,1,0.22695700000000002,0.436957,0.1869,82,1518,1600
5,6,1/6/2011,1,0,1,0,4,1,1,0.204348,0.518261,0.0895652,88,1518,1606
6,7,1/7/2011,1,0,1,0,5,1,2,0.196522,0.49869600000000003,0.168726,148,1362,1510
7,8,1/8/2011,1,0,1,0,6,0,2,0.165,0.535833,0.266804,68,891,959
8,9,1/9/2011,1,0,1,0,0,0,1,0.13833299999999998,0.434167,0.36195,54,768,822
9,10,1/10/2011,1,0,1,0,1,1,1,0.150833,0.482917,0.22326700000000002,41,1280,1321
10,11,1/11/2011,1,0,1,0,2,1,2,0.16909100000000002,0.6863640000000001,0.12213199999999999,43,1220,1263
11,12,1/12/2011,1,0,1,0,3,1,1,0.172727,0.599545,0.304627,25,1137,1162
12,13,1/13/2011,1,0,1,0,4,1,1,0.165,0.47041700000000003,0.301,38,1368,1406
13,14,1/14/2011,1,0,1,0,5,1,1,0.16087,0.537826,0.126548,54,1367,1421
14,15,1/15/2011,1,0,1,0,6,0,2,0.23333299999999998,0.49875,0.15796300000000002,222,1026,1248
15,16,1/16/2011,1,0,1,0,0,0,1,0.231667,0.48375,0.188433,251,953,1204
16,17,1/17/2011,1,0,1,1,1,0,2,0.175833,0.5375,0.194017,117,883,1000
17,18,1/18/2011,1,0,1,0,2,1,2,0.216667,0.861667,0.146775,9,674,683
18,19,1/19/2011,1,0,1,0,3,1,2,0.292174,0.741739,0.208317,78,1572,1650
19,20,1/20/2011,1,0,1,0,4,1,2,0.261667,0.538333,0.195904,83,1844,1927
20,21,1/21/2011,1,0,1,0,5,1,1,0.1775,0.457083,0.353242,75,1468,1543
21,22,1/22/2011,1,0,1,0,6,0,1,0.0591304,0.4,0.17197,93,888,981
22,23,1/23/2011,1,0,1,0,0,0,1,0.0965217,0.436522,0.2466,150,836,986
23,24,1/24/2011,1,0,1,0,1,1,1,0.0973913,0.49173900000000004,0.15833,86,1330,1416
24,25,1/25/2011,1,0,1,0,2,1,2,0.223478,0.616957,0.129796,186,1799,1985
25,26,1/26/2011,1,0,1,0,3,1,3,0.2175,0.8625,0.29385,34,472,506
26,27,1/27/2011,1,0,1,0,4,1,1,0.195,0.6875,0.113837,15,416,431
27,28,1/28/2011,1,0,1,0,5,1,2,0.203478,0.793043,0.1233,38,1129,1167
28,29,1/29/2011,1,0,1,0,6,0,1,0.196522,0.6517390000000001,0.14536500000000002,123,975,1098
29,30,1/30/2011,1,0,1,0,0,0,1,0.216522,0.722174,0.0739826,140,956,1096
30,31,1/31/2011,1,0,1,0,1,1,2,0.180833,0.60375,0.187192,42,1459,1501
31,32,2/1/2011,1,0,2,0,2,1,2,0.192174,0.829565,0.053212999999999996,47,1313,1360
32,33,2/2/2011,1,0,2,0,3,1,2,0.26,0.775417,0.264308,72,1454,1526
33,34,2/3/2011,1,0,2,0,4,1,1,0.18695699999999998,0.43782600000000005,0.277752,61,1489,1550
34,35,2/4/2011,1,0,2,0,5,1,2,0.211304,0.585217,0.127839,88,1620,1708
35,36,2/5/2011,1,0,2,0,6,0,2,0.23333299999999998,0.929167,0.161079,100,905,1005
36,37,2/6/2011,1,0,2,0,0,0,1,0.285833,0.568333,0.1418,354,1269,1623
37,38,2/7/2011,1,0,2,0,1,1,1,0.271667,0.738333,0.045408300000000006,120,1592,1712
38,39,2/8/2011,1,0,2,0,2,1,1,0.220833,0.537917,0.36195,64,1466,1530
39,40,2/9/2011,1,0,2,0,3,1,2,0.134783,0.494783,0.188839,53,1552,1605
40,41,2/10/2011,1,0,2,0,4,1,1,0.144348,0.437391,0.221935,47,1491,1538
41,42,2/11/2011,1,0,2,0,5,1,1,0.189091,0.506364,0.10855,149,1597,1746
42,43,2/12/2011,1,0,2,0,6,0,1,0.2225,0.544167,0.20336700000000002,288,1184,1472
43,44,2/13/2011,1,0,2,0,0,0,1,0.31652199999999997,0.457391,0.260883,397,1192,1589
44,45,2/14/2011,1,0,2,0,1,1,1,0.415,0.375833,0.417908,208,1705,1913
45,46,2/15/2011,1,0,2,0,2,1,1,0.26608699999999996,0.314348,0.29137399999999997,140,1675,1815
46,47,2/16/2011,1,0,2,0,3,1,1,0.318261,0.42347799999999997,0.251791,218,1897,2115
47,48,2/17/2011,1,0,2,0,4,1,1,0.43583299999999997,0.505,0.230104,259,2216,2475
48,49,2/18/2011,1,0,2,0,5,1,1,0.521667,0.516667,0.264925,579,2348,2927
49,50,2/19/2011,1,0,2,0,6,0,1,0.399167,0.187917,0.507463,532,1103,1635
50,51,2/20/2011,1,0,2,0,0,0,1,0.285217,0.407826,0.223235,639,1173,1812
51,52,2/21/2011,1,0,2,1,1,0,2,0.303333,0.605,0.307846,195,912,1107
52,53,2/22/2011,1,0,2,0,2,1,1,0.182222,0.577778,0.195683,74,1376,1450
53,54,2/23/2011,1,0,2,0,3,1,1,0.221739,0.423043,0.094113,139,1778,1917
54,55,2/24/2011,1,0,2,0,4,1,2,0.295652,0.697391,0.250496,100,1707,1807
55,56,2/25/2011,1,0,2,0,5,1,2,0.364348,0.712174,0.346539,120,1341,1461
56,57,2/26/2011,1,0,2,0,6,0,1,0.2825,0.537917,0.18657100000000001,424,1545,1969
57,58,2/27/2011,1,0,2,0,0,0,1,0.343478,0.68,0.125248,694,1708,2402
58,59,2/28/2011,1,0,2,0,1,1,2,0.407273,0.8763639999999999,0.289686,81,1365,1446
59,60,3/1/2011,1,0,3,0,2,1,1,0.266667,0.535,0.216425,137,1714,1851
60,61,3/2/2011,1,0,3,0,3,1,1,0.335,0.449583,0.30783299999999997,231,1903,2134
61,62,3/3/2011,1,0,3,0,4,1,1,0.19833299999999998,0.318333,0.225754,123,1562,1685
62,63,3/4/2011,1,0,3,0,5,1,2,0.261667,0.610417,0.203346,214,1730,1944
63,64,3/5/2011,1,0,3,0,6,0,2,0.384167,0.789167,0.251871,640,1437,2077
64,65,3/6/2011,1,0,3,0,0,0,2,0.37652199999999997,0.948261,0.343287,114,491,605
65,66,3/7/2011,1,0,3,0,1,1,1,0.261739,0.551304,0.341352,244,1628,1872
66,67,3/8/2011,1,0,3,0,2,1,1,0.2925,0.420833,0.12065,316,1817,2133
67,68,3/9/2011,1,0,3,0,3,1,2,0.295833,0.775417,0.22015,191,1700,1891
68,69,3/10/2011,1,0,3,0,4,1,3,0.38909099999999996,0.0,0.26187699999999997,46,577,623
69,70,3/11/2011,1,0,3,0,5,1,2,0.31652199999999997,0.649565,0.23296999999999998,247,1730,1977
70,71,3/12/2011,1,0,3,0,6,0,1,0.329167,0.594583,0.220775,724,1408,2132
71,72,3/13/2011,1,0,3,0,0,0,1,0.384348,0.5273909999999999,0.270604,982,1435,2417
72,73,3/14/2011,1,0,3,0,1,1,1,0.32521700000000003,0.496957,0.136926,359,1687,2046
73,74,3/15/2011,1,0,3,0,2,1,2,0.317391,0.655652,0.184309,289,1767,2056
74,75,3/16/2011,1,0,3,0,3,1,2,0.365217,0.776522,0.20311700000000002,321,1871,2192
75,76,3/17/2011,1,0,3,0,4,1,1,0.415,0.602917,0.209579,424,2320,2744
76,77,3/18/2011,1,0,3,0,5,1,1,0.54,0.525217,0.231017,884,2355,3239
77,78,3/19/2011,1,0,3,0,6,0,1,0.4725,0.37916700000000003,0.368167,1424,1693,3117
78,79,3/20/2011,1,0,3,0,0,0,1,0.3325,0.47375,0.20772100000000002,1047,1424,2471
79,80,3/21/2011,2,0,3,0,1,1,2,0.430435,0.737391,0.288783,401,1676,2077
80,81,3/22/2011,2,0,3,0,2,1,1,0.44166700000000003,0.624583,0.22575,460,2243,2703
81,82,3/23/2011,2,0,3,0,3,1,2,0.346957,0.839565,0.23426100000000002,203,1918,2121
82,83,3/24/2011,2,0,3,0,4,1,2,0.285,0.805833,0.24378699999999998,166,1699,1865
83,84,3/25/2011,2,0,3,0,5,1,1,0.264167,0.495,0.230725,300,1910,2210
84,85,3/26/2011,2,0,3,0,6,0,1,0.265833,0.394167,0.209571,981,1515,2496
85,86,3/27/2011,2,0,3,0,0,0,2,0.25304299999999996,0.493913,0.1843,472,1221,1693
86,87,3/28/2011,2,0,3,0,1,1,1,0.264348,0.302174,0.212204,222,1806,2028
87,88,3/29/2011,2,0,3,0,2,1,1,0.3025,0.31416700000000003,0.226996,317,2108,2425
88,89,3/30/2011,2,0,3,0,3,1,2,0.3,0.646667,0.17288800000000001,168,1368,1536
89,90,3/31/2011,2,0,3,0,4,1,3,0.268333,0.918333,0.217646,179,1506,1685
90,91,4/1/2011,2,0,4,0,5,1,2,0.3,0.68625,0.258708,307,1920,2227
91,92,4/2/2011,2,0,4,0,6,0,2,0.315,0.65375,0.19714600000000002,898,1354,2252
92,93,4/3/2011,2,0,4,0,0,0,1,0.378333,0.48,0.182213,1651,1598,3249
93,94,4/4/2011,2,0,4,0,1,1,1,0.573333,0.42625,0.385571,734,2381,3115
94,95,4/5/2011,2,0,4,0,2,1,2,0.414167,0.642083,0.388067,167,1628,1795
95,96,4/6/2011,2,0,4,0,3,1,1,0.390833,0.470833,0.263063,413,2395,2808
96,97,4/7/2011,2,0,4,0,4,1,1,0.4375,0.602917,0.16231199999999998,571,2570,3141
97,98,4/8/2011,2,0,4,0,5,1,2,0.335833,0.83625,0.226992,172,1299,1471
98,99,4/9/2011,2,0,4,0,6,0,2,0.3425,0.8775,0.13308299999999998,879,1576,2455
99,100,4/10/2011,2,0,4,0,0,0,2,0.426667,0.8575,0.146767,1188,1707,2895
100,101,4/11/2011,2,0,4,0,1,1,2,0.5956520000000001,0.716956,0.324474,855,2493,3348
101,102,4/12/2011,2,0,4,0,2,1,2,0.5025,0.739167,0.274879,257,1777,2034
102,103,4/13/2011,2,0,4,0,3,1,2,0.4125,0.819167,0.25061700000000003,209,1953,2162
103,104,4/14/2011,2,0,4,0,4,1,1,0.4675,0.540417,0.1107,529,2738,3267
104,105,4/15/2011,2,0,4,1,5,0,1,0.446667,0.67125,0.226375,642,2484,3126
105,106,4/16/2011,2,0,4,0,6,0,3,0.43083299999999997,0.888333,0.340808,121,674,795
106,107,4/17/2011,2,0,4,0,0,0,1,0.456667,0.479583,0.303496,1558,2186,3744
107,108,4/18/2011,2,0,4,0,1,1,1,0.5125,0.5425,0.16356700000000002,669,2760,3429
108,109,4/19/2011,2,0,4,0,2,1,2,0.505833,0.665833,0.157971,409,2795,3204
109,110,4/20/2011,2,0,4,0,3,1,1,0.595,0.614167,0.241925,613,3331,3944
110,111,4/21/2011,2,0,4,0,4,1,1,0.459167,0.407083,0.325258,745,3444,4189
111,112,4/22/2011,2,0,4,0,5,1,2,0.336667,0.729583,0.219521,177,1506,1683
112,113,4/23/2011,2,0,4,0,6,0,2,0.46,0.887917,0.230725,1462,2574,4036
113,114,4/24/2011,2,0,4,0,0,0,2,0.581667,0.810833,0.192175,1710,2481,4191
114,115,4/25/2011,2,0,4,0,1,1,1,0.606667,0.776667,0.185333,773,3300,4073
115,116,4/26/2011,2,0,4,0,2,1,1,0.631667,0.729167,0.3265,678,3722,4400
116,117,4/27/2011,2,0,4,0,3,1,2,0.62,0.835417,0.3122,547,3325,3872
117,118,4/28/2011,2,0,4,0,4,1,2,0.6175,0.700833,0.32090799999999997,569,3489,4058
118,119,4/29/2011,2,0,4,0,5,1,1,0.51,0.457083,0.240063,878,3717,4595
119,120,4/30/2011,2,0,4,0,6,0,1,0.4725,0.503333,0.235075,1965,3347,5312
120,121,5/1/2011,2,0,5,0,0,0,2,0.451667,0.762083,0.10635399999999999,1138,2213,3351
121,122,5/2/2011,2,0,5,0,1,1,2,0.549167,0.73,0.183454,847,3554,4401
122,123,5/3/2011,2,0,5,0,2,1,2,0.616667,0.697083,0.342667,603,3848,4451
123,124,5/4/2011,2,0,5,0,3,1,2,0.414167,0.737083,0.328996,255,2378,2633
124,125,5/5/2011,2,0,5,0,4,1,1,0.459167,0.44416700000000003,0.295392,614,3819,4433
125,126,5/6/2011,2,0,5,0,5,1,1,0.479167,0.59,0.228246,894,3714,4608
126,127,5/7/2011,2,0,5,0,6,0,1,0.52,0.54125,0.16045,1612,3102,4714
127,128,5/8/2011,2,0,5,0,0,0,1,0.5283329999999999,0.631667,0.0746375,1401,2932,4333
128,129,5/9/2011,2,0,5,0,1,1,1,0.5325,0.58875,0.17600000000000002,664,3698,4362
129,130,5/10/2011,2,0,5,0,2,1,1,0.5325,0.489167,0.11567100000000001,694,4109,4803
130,131,5/11/2011,2,0,5,0,3,1,1,0.5425,0.632917,0.12064200000000001,550,3632,4182
131,132,5/12/2011,2,0,5,0,4,1,1,0.535,0.7475,0.189667,695,4169,4864
132,133,5/13/2011,2,0,5,0,5,1,2,0.5125,0.863333,0.179725,692,3413,4105
133,134,5/14/2011,2,0,5,0,6,0,2,0.520833,0.9225,0.13495,902,2507,3409
134,135,5/15/2011,2,0,5,0,0,0,2,0.5625,0.867083,0.152979,1582,2971,4553
135,136,5/16/2011,2,0,5,0,1,1,1,0.5775,0.787917,0.126871,773,3185,3958
136,137,5/17/2011,2,0,5,0,2,1,2,0.561667,0.837917,0.277354,678,3445,4123
137,138,5/18/2011,2,0,5,0,3,1,2,0.55,0.87,0.201492,536,3319,3855
138,139,5/19/2011,2,0,5,0,4,1,2,0.530833,0.829583,0.10821300000000002,735,3840,4575
139,140,5/20/2011,2,0,5,0,5,1,1,0.536667,0.719583,0.125013,909,4008,4917
140,141,5/21/2011,2,0,5,0,6,0,1,0.6025,0.626667,0.12065,2258,3547,5805
141,142,5/22/2011,2,0,5,0,0,0,1,0.604167,0.749583,0.148008,1576,3084,4660
142,143,5/23/2011,2,0,5,0,1,1,2,0.631667,0.81,0.233842,836,3438,4274
143,144,5/24/2011,2,0,5,0,2,1,2,0.66,0.740833,0.207092,659,3833,4492
144,145,5/25/2011,2,0,5,0,3,1,1,0.660833,0.69625,0.15423299999999998,740,4238,4978
145,146,5/26/2011,2,0,5,0,4,1,1,0.708333,0.6775,0.19964200000000001,758,3919,4677
146,147,5/27/2011,2,0,5,0,5,1,1,0.681667,0.65375,0.240679,871,3808,4679
147,148,5/28/2011,2,0,5,0,6,0,1,0.655833,0.729583,0.23009200000000002,2001,2757,4758
148,149,5/29/2011,2,0,5,0,0,0,1,0.6675,0.81875,0.21393800000000002,2355,2433,4788
149,150,5/30/2011,2,0,5,1,1,0,1,0.733333,0.685,0.131225,1549,2549,4098
150,151,5/31/2011,2,0,5,0,2,1,1,0.775,0.636667,0.111329,673,3309,3982
151,152,6/1/2011,2,0,6,0,3,1,2,0.764167,0.677083,0.207092,513,3461,3974
152,153,6/2/2011,2,0,6,0,4,1,1,0.715,0.305,0.29228699999999996,736,4232,4968
153,154,6/3/2011,2,0,6,0,5,1,1,0.62,0.354167,0.253121,898,4414,5312
154,155,6/4/2011,2,0,6,0,6,0,1,0.635,0.45625,0.123142,1869,3473,5342
155,156,6/5/2011,2,0,6,0,0,0,2,0.648333,0.6525,0.138692,1685,3221,4906
156,157,6/6/2011,2,0,6,0,1,1,1,0.678333,0.6,0.121896,673,3875,4548
157,158,6/7/2011,2,0,6,0,2,1,1,0.7075,0.597917,0.187808,763,4070,4833
158,159,6/8/2011,2,0,6,0,3,1,1,0.775833,0.6220829999999999,0.136817,676,3725,4401
159,160,6/9/2011,2,0,6,0,4,1,2,0.808333,0.568333,0.149883,563,3352,3915
160,161,6/10/2011,2,0,6,0,5,1,1,0.755,0.605,0.14055399999999998,815,3771,4586
161,162,6/11/2011,2,0,6,0,6,0,1,0.725,0.654583,0.15485,1729,3237,4966
162,163,6/12/2011,2,0,6,0,0,0,1,0.6925,0.747917,0.16356700000000002,1467,2993,4460
163,164,6/13/2011,2,0,6,0,1,1,1,0.635,0.494583,0.30535,863,4157,5020
164,165,6/14/2011,2,0,6,0,2,1,1,0.604167,0.507083,0.269283,727,4164,4891
165,166,6/15/2011,2,0,6,0,3,1,1,0.626667,0.471667,0.16791199999999998,769,4411,5180
166,167,6/16/2011,2,0,6,0,4,1,2,0.628333,0.688333,0.20647100000000002,545,3222,3767
167,168,6/17/2011,2,0,6,0,5,1,1,0.649167,0.735833,0.143029,863,3981,4844
168,169,6/18/2011,2,0,6,0,6,0,1,0.696667,0.670417,0.11940799999999999,1807,3312,5119
169,170,6/19/2011,2,0,6,0,0,0,2,0.699167,0.666667,0.102,1639,3105,4744
170,171,6/20/2011,2,0,6,0,1,1,2,0.635,0.74625,0.155475,699,3311,4010
171,172,6/21/2011,3,0,6,0,2,1,2,0.680833,0.770417,0.171025,774,4061,4835
172,173,6/22/2011,3,0,6,0,3,1,1,0.733333,0.7075,0.172262,661,3846,4507
173,174,6/23/2011,3,0,6,0,4,1,2,0.728333,0.703333,0.238804,746,4044,4790
174,175,6/24/2011,3,0,6,0,5,1,1,0.724167,0.573333,0.222025,969,4022,4991
175,176,6/25/2011,3,0,6,0,6,0,1,0.695,0.483333,0.209571,1782,3420,5202
176,177,6/26/2011,3,0,6,0,0,0,1,0.68,0.513333,0.09453330000000001,1920,3385,5305
177,178,6/27/2011,3,0,6,0,1,1,2,0.6825,0.658333,0.10758800000000002,854,3854,4708
178,179,6/28/2011,3,0,6,0,2,1,1,0.744167,0.634167,0.144283,732,3916,4648
179,180,6/29/2011,3,0,6,0,3,1,1,0.728333,0.497917,0.261821,848,4377,5225
180,181,6/30/2011,3,0,6,0,4,1,1,0.696667,0.434167,0.18531199999999998,1027,4488,5515
181,182,7/1/2011,3,0,7,0,5,1,1,0.7225,0.39625,0.10260799999999999,1246,4116,5362
182,183,7/2/2011,3,0,7,0,6,0,1,0.738333,0.444583,0.11506199999999998,2204,2915,5119
183,184,7/3/2011,3,0,7,0,0,0,2,0.716667,0.6825,0.228858,2282,2367,4649
184,185,7/4/2011,3,0,7,1,1,0,2,0.726667,0.637917,0.08147919999999999,3065,2978,6043
185,186,7/5/2011,3,0,7,0,2,1,1,0.746667,0.590417,0.12625799999999998,1031,3634,4665
186,187,7/6/2011,3,0,7,0,3,1,1,0.72,0.743333,0.149883,784,3845,4629
187,188,7/7/2011,3,0,7,0,4,1,1,0.75,0.65125,0.1592,754,3838,4592
188,189,7/8/2011,3,0,7,0,5,1,2,0.709167,0.757917,0.225129,692,3348,4040
189,190,7/9/2011,3,0,7,0,6,0,1,0.733333,0.609167,0.16791199999999998,1988,3348,5336
190,191,7/10/2011,3,0,7,0,0,0,1,0.7475,0.578333,0.183471,1743,3138,4881
191,192,7/11/2011,3,0,7,0,1,1,1,0.7625,0.635833,0.282337,723,3363,4086
192,193,7/12/2011,3,0,7,0,2,1,1,0.794167,0.559167,0.200254,662,3596,4258
193,194,7/13/2011,3,0,7,0,3,1,1,0.746667,0.631667,0.14613299999999999,748,3594,4342
194,195,7/14/2011,3,0,7,0,4,1,1,0.680833,0.47625,0.24066700000000002,888,4196,5084
195,196,7/15/2011,3,0,7,0,5,1,1,0.663333,0.59125,0.182833,1318,4220,5538
196,197,7/16/2011,3,0,7,0,6,0,1,0.686667,0.585,0.208342,2418,3505,5923
197,198,7/17/2011,3,0,7,0,0,0,1,0.719167,0.604167,0.245033,2006,3296,5302
198,199,7/18/2011,3,0,7,0,1,1,1,0.746667,0.65125,0.215804,841,3617,4458
199,200,7/19/2011,3,0,7,0,2,1,1,0.776667,0.650417,0.1306,752,3789,4541
200,201,7/20/2011,3,0,7,0,3,1,1,0.768333,0.707083,0.113817,644,3688,4332
201,202,7/21/2011,3,0,7,0,4,1,2,0.815,0.69125,0.222021,632,3152,3784
202,203,7/22/2011,3,0,7,0,5,1,1,0.848333,0.580417,0.1331,562,2825,3387
203,204,7/23/2011,3,0,7,0,6,0,1,0.849167,0.5,0.131221,987,2298,3285
204,205,7/24/2011,3,0,7,0,0,0,1,0.83,0.550833,0.16917100000000002,1050,2556,3606
205,206,7/25/2011,3,0,7,0,1,1,1,0.743333,0.757083,0.09080830000000001,568,3272,3840
206,207,7/26/2011,3,0,7,0,2,1,1,0.771667,0.540833,0.200258,750,3840,4590
207,208,7/27/2011,3,0,7,0,3,1,1,0.775,0.402917,0.18346300000000001,755,3901,4656
208,209,7/28/2011,3,0,7,0,4,1,1,0.779167,0.583333,0.178479,606,3784,4390
209,210,7/29/2011,3,0,7,0,5,1,1,0.838333,0.5425,0.17413800000000001,670,3176,3846
210,211,7/30/2011,3,0,7,0,6,0,1,0.804167,0.465833,0.168537,1559,2916,4475
211,212,7/31/2011,3,0,7,0,0,0,1,0.805833,0.480833,0.16481300000000002,1524,2778,4302
212,213,8/1/2011,3,0,8,0,1,1,1,0.771667,0.550833,0.156717,729,3537,4266
213,214,8/2/2011,3,0,8,0,2,1,1,0.783333,0.49125,0.20585,801,4044,4845
214,215,8/3/2011,3,0,8,0,3,1,2,0.731667,0.6575,0.13558299999999998,467,3107,3574
215,216,8/4/2011,3,0,8,0,4,1,2,0.71,0.7575,0.19715,799,3777,4576
216,217,8/5/2011,3,0,8,0,5,1,1,0.710833,0.630833,0.184696,1023,3843,4866
217,218,8/6/2011,3,0,8,0,6,0,2,0.716667,0.755,0.22825,1521,2773,4294
218,219,8/7/2011,3,0,8,0,0,0,1,0.7425,0.7529170000000001,0.201487,1298,2487,3785
219,220,8/8/2011,3,0,8,0,1,1,1,0.765,0.592083,0.192175,846,3480,4326
220,221,8/9/2011,3,0,8,0,2,1,1,0.775,0.570417,0.151121,907,3695,4602
221,222,8/10/2011,3,0,8,0,3,1,1,0.766667,0.424167,0.200258,884,3896,4780
222,223,8/11/2011,3,0,8,0,4,1,1,0.7175,0.42375,0.164796,812,3980,4792
223,224,8/12/2011,3,0,8,0,5,1,1,0.708333,0.415,0.125621,1051,3854,4905
224,225,8/13/2011,3,0,8,0,6,0,2,0.685833,0.729583,0.211454,1504,2646,4150
225,226,8/14/2011,3,0,8,0,0,0,2,0.676667,0.8175,0.222633,1338,2482,3820
226,227,8/15/2011,3,0,8,0,1,1,1,0.665833,0.712083,0.208954,775,3563,4338
227,228,8/16/2011,3,0,8,0,2,1,1,0.700833,0.578333,0.23632899999999998,721,4004,4725
228,229,8/17/2011,3,0,8,0,3,1,1,0.723333,0.575417,0.14366700000000002,668,4026,4694
229,230,8/18/2011,3,0,8,0,4,1,1,0.711667,0.654583,0.233208,639,3166,3805
230,231,8/19/2011,3,0,8,0,5,1,2,0.685,0.722917,0.139308,797,3356,4153
231,232,8/20/2011,3,0,8,0,6,0,1,0.6975,0.674167,0.104467,1914,3277,5191
232,233,8/21/2011,3,0,8,0,0,0,1,0.710833,0.77,0.248754,1249,2624,3873
233,234,8/22/2011,3,0,8,0,1,1,1,0.691667,0.47,0.27675,833,3925,4758
234,235,8/23/2011,3,0,8,0,2,1,1,0.640833,0.455417,0.146763,1281,4614,5895
235,236,8/24/2011,3,0,8,0,3,1,1,0.673333,0.605,0.253108,949,4181,5130
236,237,8/25/2011,3,0,8,0,4,1,2,0.684167,0.771667,0.210833,435,3107,3542
237,238,8/26/2011,3,0,8,0,5,1,1,0.7,0.76125,0.0839625,768,3893,4661
238,239,8/27/2011,3,0,8,0,6,0,2,0.68,0.85,0.37561700000000003,226,889,1115
239,240,8/28/2011,3,0,8,0,0,0,1,0.707059,0.561765,0.304659,1415,2919,4334
240,241,8/29/2011,3,0,8,0,1,1,1,0.636667,0.554583,0.159825,729,3905,4634
241,242,8/30/2011,3,0,8,0,2,1,1,0.639167,0.548333,0.12500799999999998,775,4429,5204
242,243,8/31/2011,3,0,8,0,3,1,1,0.656667,0.597917,0.08333330000000001,688,4370,5058
243,244,9/1/2011,3,0,9,0,4,1,1,0.655,0.639167,0.141796,783,4332,5115
244,245,9/2/2011,3,0,9,0,5,1,2,0.643333,0.727083,0.139929,875,3852,4727
245,246,9/3/2011,3,0,9,0,6,0,1,0.669167,0.716667,0.185325,1935,2549,4484
246,247,9/4/2011,3,0,9,0,0,0,1,0.709167,0.742083,0.206467,2521,2419,4940
247,248,9/5/2011,3,0,9,1,1,0,2,0.673333,0.790417,0.212696,1236,2115,3351
248,249,9/6/2011,3,0,9,0,2,1,3,0.54,0.886957,0.343943,204,2506,2710
249,250,9/7/2011,3,0,9,0,3,1,3,0.599167,0.917083,0.0970208,118,1878,1996
250,251,9/8/2011,3,0,9,0,4,1,3,0.6339130000000001,0.939565,0.192748,153,1689,1842
251,252,9/9/2011,3,0,9,0,5,1,2,0.65,0.897917,0.12437899999999999,417,3127,3544
252,253,9/10/2011,3,0,9,0,6,0,1,0.66,0.75375,0.153608,1750,3595,5345
253,254,9/11/2011,3,0,9,0,0,0,1,0.6533329999999999,0.71375,0.11505399999999999,1633,3413,5046
254,255,9/12/2011,3,0,9,0,1,1,1,0.6443479999999999,0.692174,0.088913,690,4023,4713
255,256,9/13/2011,3,0,9,0,2,1,1,0.650833,0.7125,0.14180399999999999,701,4062,4763
256,257,9/14/2011,3,0,9,0,3,1,1,0.673333,0.697083,0.1673,647,4138,4785
257,258,9/15/2011,3,0,9,0,4,1,2,0.5775,0.709167,0.271146,428,3231,3659
258,259,9/16/2011,3,0,9,0,5,1,2,0.469167,0.590417,0.164183,742,4018,4760
259,260,9/17/2011,3,0,9,0,6,0,2,0.491667,0.718333,0.189675,1434,3077,4511
260,261,9/18/2011,3,0,9,0,0,0,1,0.5075,0.695,0.178483,1353,2921,4274
261,262,9/19/2011,3,0,9,0,1,1,2,0.549167,0.69,0.15174200000000002,691,3848,4539
262,263,9/20/2011,3,0,9,0,2,1,2,0.561667,0.88125,0.134954,438,3203,3641
263,264,9/21/2011,3,0,9,0,3,1,2,0.595,0.9,0.0964042,539,3813,4352
264,265,9/22/2011,3,0,9,0,4,1,2,0.628333,0.902083,0.128125,555,4240,4795
265,266,9/23/2011,4,0,9,0,5,1,2,0.609167,0.9725,0.0783667,258,2137,2395
266,267,9/24/2011,4,0,9,0,6,0,2,0.606667,0.8625,0.0783833,1776,3647,5423
267,268,9/25/2011,4,0,9,0,0,0,2,0.634167,0.845,0.0503792,1544,3466,5010
268,269,9/26/2011,4,0,9,0,1,1,2,0.649167,0.848333,0.1107,684,3946,4630
269,270,9/27/2011,4,0,9,0,2,1,2,0.636667,0.885417,0.118171,477,3643,4120
270,271,9/28/2011,4,0,9,0,3,1,2,0.635,0.84875,0.14862899999999998,480,3427,3907
271,272,9/29/2011,4,0,9,0,4,1,1,0.616667,0.699167,0.17288299999999998,653,4186,4839
272,273,9/30/2011,4,0,9,0,5,1,1,0.564167,0.6475,0.206475,830,4372,5202
273,274,10/1/2011,4,0,10,0,6,0,2,0.41,0.75375,0.292296,480,1949,2429
274,275,10/2/2011,4,0,10,0,0,0,2,0.356667,0.791667,0.22201300000000002,616,2302,2918
275,276,10/3/2011,4,0,10,0,1,1,2,0.384167,0.760833,0.08334580000000001,330,3240,3570
276,277,10/4/2011,4,0,10,0,2,1,1,0.484167,0.71,0.205854,486,3970,4456
277,278,10/5/2011,4,0,10,0,3,1,1,0.538333,0.647917,0.17725,559,4267,4826
278,279,10/6/2011,4,0,10,0,4,1,1,0.494167,0.620833,0.134954,639,4126,4765
279,280,10/7/2011,4,0,10,0,5,1,1,0.510833,0.684167,0.0223917,949,4036,4985
280,281,10/8/2011,4,0,10,0,6,0,1,0.521667,0.70125,0.0454042,2235,3174,5409
281,282,10/9/2011,4,0,10,0,0,0,1,0.540833,0.7275,0.06345,2397,3114,5511
282,283,10/10/2011,4,0,10,1,1,0,1,0.570833,0.73375,0.0423042,1514,3603,5117
283,284,10/11/2011,4,0,10,0,2,1,2,0.566667,0.80875,0.143042,667,3896,4563
284,285,10/12/2011,4,0,10,0,3,1,3,0.543333,0.90625,0.24815,217,2199,2416
285,286,10/13/2011,4,0,10,0,4,1,2,0.589167,0.896667,0.141787,290,2623,2913
286,287,10/14/2011,4,0,10,0,5,1,2,0.550833,0.71625,0.223883,529,3115,3644
287,288,10/15/2011,4,0,10,0,6,0,1,0.506667,0.483333,0.258083,1899,3318,5217
288,289,10/16/2011,4,0,10,0,0,0,1,0.511667,0.486667,0.281717,1748,3293,5041
289,290,10/17/2011,4,0,10,0,1,1,1,0.5341670000000001,0.579583,0.175379,713,3857,4570
290,291,10/18/2011,4,0,10,0,2,1,2,0.5325,0.701667,0.11008699999999999,637,4111,4748
291,292,10/19/2011,4,0,10,0,3,1,3,0.5417390000000001,0.895217,0.243339,254,2170,2424
438,439,3/14/2012,1,1,3,0,3,1,1,0.5725,0.507083,0.11506199999999998,997,5315,6312
439,440,3/15/2012,1,1,3,0,4,1,1,0.5575,0.579583,0.149883,1005,5187,6192
440,441,3/16/2012,1,1,3,0,5,1,2,0.43583299999999997,0.842083,0.113192,548,3830,4378
441,442,3/17/2012,1,1,3,0,6,0,2,0.514167,0.755833,0.110704,3155,4681,7836
442,443,3/18/2012,1,1,3,0,0,0,2,0.4725,0.81,0.126883,2207,3685,5892
443,444,3/19/2012,1,1,3,0,1,1,1,0.545,0.72875,0.16231700000000002,982,5171,6153
444,445,3/20/2012,1,1,3,0,2,1,1,0.560833,0.807917,0.121271,1051,5042,6093
445,446,3/21/2012,2,1,3,0,3,1,2,0.531667,0.82125,0.08955830000000001,1122,5108,6230
446,447,3/22/2012,2,1,3,0,4,1,1,0.554167,0.83125,0.11756199999999999,1334,5537,6871
447,448,3/23/2012,2,1,3,0,5,1,2,0.601667,0.694167,0.1163,2469,5893,8362
448,449,3/24/2012,2,1,3,0,6,0,2,0.5025,0.885417,0.19278299999999998,1033,2339,3372
449,450,3/25/2012,2,1,3,0,0,0,2,0.4375,0.880833,0.220775,1532,3464,4996
450,451,3/26/2012,2,1,3,0,1,1,1,0.445833,0.477917,0.386821,795,4763,5558
451,452,3/27/2012,2,1,3,0,2,1,1,0.323333,0.29,0.187192,531,4571,5102
452,453,3/28/2012,2,1,3,0,3,1,1,0.484167,0.48125,0.291671,674,5024,5698
453,454,3/29/2012,2,1,3,0,4,1,1,0.494167,0.43916700000000003,0.31965,834,5299,6133
454,455,3/30/2012,2,1,3,0,5,1,2,0.37,0.580833,0.138067,796,4663,5459
455,456,3/31/2012,2,1,3,0,6,0,2,0.424167,0.738333,0.25061700000000003,2301,3934,6235
456,457,4/1/2012,2,1,4,0,0,0,2,0.425833,0.67625,0.172267,2347,3694,6041
457,458,4/2/2012,2,1,4,0,1,1,1,0.433913,0.5043479999999999,0.312139,1208,4728,5936
458,459,4/3/2012,2,1,4,0,2,1,1,0.466667,0.396667,0.100133,1348,5424,6772
459,460,4/4/2012,2,1,4,0,3,1,1,0.541667,0.469583,0.180975,1058,5378,6436
460,461,4/5/2012,2,1,4,0,4,1,1,0.435,0.374167,0.219529,1192,5265,6457
461,462,4/6/2012,2,1,4,0,5,1,1,0.403333,0.377083,0.300388,1807,4653,6460
462,463,4/7/2012,2,1,4,0,6,0,1,0.4375,0.25416700000000003,0.274871,3252,3605,6857
463,464,4/8/2012,2,1,4,0,0,0,1,0.5,0.275833,0.232596,2230,2939,5169
464,465,4/9/2012,2,1,4,0,1,1,1,0.489167,0.3175,0.358196,905,4680,5585
465,466,4/10/2012,2,1,4,0,2,1,1,0.446667,0.435,0.249375,819,5099,5918
466,467,4/11/2012,2,1,4,0,3,1,1,0.348696,0.46956499999999995,0.295274,482,4380,4862
467,468,4/12/2012,2,1,4,0,4,1,1,0.3975,0.46625,0.290429,663,4746,5409
468,469,4/13/2012,2,1,4,0,5,1,1,0.4425,0.408333,0.155471,1252,5146,6398
469,470,4/14/2012,2,1,4,0,6,0,1,0.495,0.5029170000000001,0.190917,2795,4665,7460
470,471,4/15/2012,2,1,4,0,0,0,1,0.606667,0.507917,0.225129,2846,4286,7132
471,472,4/16/2012,2,1,4,1,1,0,1,0.664167,0.561667,0.284829,1198,5172,6370
472,473,4/17/2012,2,1,4,0,2,1,1,0.608333,0.390417,0.273629,989,5702,6691
473,474,4/18/2012,2,1,4,0,3,1,2,0.463333,0.569167,0.16791199999999998,347,4020,4367
474,475,4/19/2012,2,1,4,0,4,1,1,0.49833299999999997,0.6125,0.0659292,846,5719,6565
475,476,4/20/2012,2,1,4,0,5,1,1,0.526667,0.694583,0.149871,1340,5950,7290
476,477,4/21/2012,2,1,4,0,6,0,1,0.57,0.682917,0.283587,2541,4083,6624
477,478,4/22/2012,2,1,4,0,0,0,3,0.396667,0.835417,0.344546,120,907,1027
478,479,4/23/2012,2,1,4,0,1,1,2,0.321667,0.766667,0.303496,195,3019,3214
479,480,4/24/2012,2,1,4,0,2,1,1,0.413333,0.454167,0.249383,518,5115,5633
480,481,4/25/2012,2,1,4,0,3,1,1,0.476667,0.427917,0.11879200000000001,655,5541,6196
481,482,4/26/2012,2,1,4,0,4,1,2,0.49833299999999997,0.756667,0.176625,475,4551,5026
482,483,4/27/2012,2,1,4,0,5,1,1,0.4575,0.400833,0.34763299999999997,1014,5219,6233
483,484,4/28/2012,2,1,4,0,6,0,2,0.37666700000000003,0.489583,0.129975,1120,3100,4220
484,485,4/29/2012,2,1,4,0,0,0,1,0.458333,0.587083,0.116908,2229,4075,6304
485,486,4/30/2012,2,1,4,0,1,1,2,0.464167,0.57,0.171638,665,4907,5572
486,487,5/1/2012,2,1,5,0,2,1,2,0.613333,0.659583,0.156096,653,5087,5740
487,488,5/2/2012,2,1,5,0,3,1,1,0.564167,0.797083,0.138058,667,5502,6169
488,489,5/3/2012,2,1,5,0,4,1,2,0.56,0.768333,0.133696,764,5657,6421
489,490,5/4/2012,2,1,5,0,5,1,1,0.6275,0.735417,0.162938,1069,5227,6296
490,491,5/5/2012,2,1,5,0,6,0,2,0.621667,0.756667,0.15299200000000002,2496,4387,6883
491,492,5/6/2012,2,1,5,0,0,0,2,0.5625,0.74,0.14987899999999998,2135,4224,6359
492,493,5/7/2012,2,1,5,0,1,1,2,0.5375,0.664167,0.230721,1008,5265,6273
493,494,5/8/2012,2,1,5,0,2,1,2,0.581667,0.685833,0.296029,738,4990,5728
494,495,5/9/2012,2,1,5,0,3,1,2,0.575,0.744167,0.216412,620,4097,4717
495,496,5/10/2012,2,1,5,0,4,1,1,0.505833,0.552083,0.31406300000000004,1026,5546,6572
496,497,5/11/2012,2,1,5,0,5,1,1,0.533333,0.360417,0.23693699999999998,1319,5711,7030
497,498,5/12/2012,2,1,5,0,6,0,1,0.564167,0.480417,0.12313299999999999,2622,4807,7429
498,499,5/13/2012,2,1,5,0,0,0,1,0.6125,0.57625,0.225117,2172,3946,6118
499,500,5/14/2012,2,1,5,0,1,1,2,0.573333,0.789583,0.21269200000000002,342,2501,2843
500,501,5/15/2012,2,1,5,0,2,1,2,0.611667,0.794583,0.147392,625,4490,5115
501,502,5/16/2012,2,1,5,0,3,1,1,0.636667,0.697917,0.122512,991,6433,7424
502,503,5/17/2012,2,1,5,0,4,1,1,0.593333,0.52,0.229475,1242,6142,7384
503,504,5/18/2012,2,1,5,0,5,1,1,0.564167,0.523333,0.136817,1521,6118,7639
504,505,5/19/2012,2,1,5,0,6,0,1,0.6,0.45625,0.083975,3410,4884,8294
505,506,5/20/2012,2,1,5,0,0,0,1,0.620833,0.530417,0.254367,2704,4425,7129
506,507,5/21/2012,2,1,5,0,1,1,2,0.598333,0.81125,0.233204,630,3729,4359
507,508,5/22/2012,2,1,5,0,2,1,2,0.615,0.765833,0.11816700000000001,819,5254,6073
508,509,5/23/2012,2,1,5,0,3,1,2,0.621667,0.774583,0.102,766,4494,5260
509,510,5/24/2012,2,1,5,0,4,1,1,0.655,0.716667,0.172896,1059,5711,6770
510,511,5/25/2012,2,1,5,0,5,1,1,0.68,0.7470829999999999,0.14055,1417,5317,6734
511,512,5/26/2012,2,1,5,0,6,0,1,0.6925,0.7325,0.198992,2855,3681,6536
512,513,5/27/2012,2,1,5,0,0,0,1,0.69,0.697083,0.215171,3283,3308,6591
513,514,5/28/2012,2,1,5,1,1,0,1,0.7125,0.67625,0.196521,2557,3486,6043
514,515,5/29/2012,2,1,5,0,2,1,1,0.7225,0.6845829999999999,0.2954,880,4863,5743
515,516,5/30/2012,2,1,5,0,3,1,2,0.656667,0.67,0.134329,745,6110,6855
516,517,5/31/2012,2,1,5,0,4,1,1,0.68,0.492917,0.195279,1100,6238,7338
517,518,6/1/2012,2,1,6,0,5,1,2,0.654167,0.755417,0.23756300000000002,533,3594,4127
518,519,6/2/2012,2,1,6,0,6,0,1,0.583333,0.549167,0.18656199999999998,2795,5325,8120
519,520,6/3/2012,2,1,6,0,0,0,1,0.6025,0.49333299999999997,0.184087,2494,5147,7641
520,521,6/4/2012,2,1,6,0,1,1,1,0.5975,0.487083,0.284833,1071,5927,6998
521,522,6/5/2012,2,1,6,0,2,1,2,0.540833,0.613333,0.209575,968,6033,7001
522,523,6/6/2012,2,1,6,0,3,1,1,0.554167,0.61125,0.077125,1027,6028,7055
523,524,6/7/2012,2,1,6,0,4,1,1,0.6025,0.567083,0.15735,1038,6456,7494
524,525,6/8/2012,2,1,6,0,5,1,1,0.649167,0.467917,0.17538299999999998,1488,6248,7736
525,526,6/9/2012,2,1,6,0,6,0,1,0.710833,0.437083,0.144287,2708,4790,7498
526,527,6/10/2012,2,1,6,0,0,0,1,0.726667,0.538333,0.133721,2224,4374,6598
527,528,6/11/2012,2,1,6,0,1,1,2,0.720833,0.587917,0.207713,1017,5647,6664
528,529,6/12/2012,2,1,6,0,2,1,2,0.6533329999999999,0.833333,0.21454600000000001,477,4495,4972
529,530,6/13/2012,2,1,6,0,3,1,1,0.655833,0.582083,0.343279,1173,6248,7421
530,531,6/14/2012,2,1,6,0,4,1,1,0.648333,0.569583,0.253733,1180,6183,7363
531,532,6/15/2012,2,1,6,0,5,1,1,0.639167,0.589583,0.176617,1563,6102,7665
532,533,6/16/2012,2,1,6,0,6,0,1,0.631667,0.504167,0.166667,2963,4739,7702
533,534,6/17/2012,2,1,6,0,0,0,1,0.5925,0.59875,0.144904,2634,4344,6978
534,535,6/18/2012,2,1,6,0,1,1,2,0.568333,0.777917,0.174746,653,4446,5099
535,536,6/19/2012,2,1,6,0,2,1,1,0.688333,0.69,0.148017,968,5857,6825
536,537,6/20/2012,2,1,6,0,3,1,1,0.7825,0.592083,0.11381199999999998,872,5339,6211
537,538,6/21/2012,3,1,6,0,4,1,1,0.805833,0.567917,0.11878699999999999,778,5127,5905
538,539,6/22/2012,3,1,6,0,5,1,1,0.7775,0.57375,0.182842,964,4859,5823
539,540,6/23/2012,3,1,6,0,6,0,1,0.731667,0.534583,0.179721,2657,4801,7458
540,541,6/24/2012,3,1,6,0,0,0,1,0.743333,0.479167,0.145525,2551,4340,6891
541,542,6/25/2012,3,1,6,0,1,1,1,0.7158329999999999,0.504167,0.300383,1139,5640,6779
542,543,6/26/2012,3,1,6,0,2,1,1,0.630833,0.37333299999999997,0.347642,1077,6365,7442
543,544,6/27/2012,3,1,6,0,3,1,1,0.6975,0.36,0.271775,1077,6258,7335
544,545,6/28/2012,3,1,6,0,4,1,1,0.749167,0.4225,0.17165,921,5958,6879
545,546,6/29/2012,3,1,6,0,5,1,1,0.834167,0.48875,0.165417,829,4634,5463
546,547,6/30/2012,3,1,6,0,6,0,1,0.765,0.60125,0.161071,1455,4232,5687
547,548,7/1/2012,3,1,7,0,0,0,1,0.815833,0.51875,0.16852899999999998,1421,4110,5531
548,549,7/2/2012,3,1,7,0,1,1,1,0.781667,0.447083,0.195267,904,5323,6227
549,550,7/3/2012,3,1,7,0,2,1,1,0.780833,0.492083,0.126237,1052,5608,6660
550,551,7/4/2012,3,1,7,1,3,0,1,0.789167,0.53875,0.13495,2562,4841,7403
551,552,7/5/2012,3,1,7,0,4,1,1,0.8275,0.457917,0.194029,1405,4836,6241
552,553,7/6/2012,3,1,7,0,5,1,1,0.828333,0.450833,0.146142,1366,4841,6207
553,554,7/7/2012,3,1,7,0,6,0,1,0.861667,0.492083,0.163554,1448,3392,4840
554,555,7/8/2012,3,1,7,0,0,0,1,0.8225,0.57375,0.125629,1203,3469,4672
555,556,7/9/2012,3,1,7,0,1,1,2,0.710833,0.683333,0.180975,998,5571,6569
556,557,7/10/2012,3,1,7,0,2,1,2,0.720833,0.6675,0.15173699999999998,954,5336,6290
557,558,7/11/2012,3,1,7,0,3,1,1,0.716667,0.633333,0.15173299999999998,975,6289,7264
558,559,7/12/2012,3,1,7,0,4,1,1,0.7158329999999999,0.529583,0.146775,1032,6414,7446
559,560,7/13/2012,3,1,7,0,5,1,2,0.731667,0.485833,0.08085,1511,5988,7499
560,561,7/14/2012,3,1,7,0,6,0,2,0.703333,0.699167,0.143679,2355,4614,6969
561,562,7/15/2012,3,1,7,0,0,0,1,0.745833,0.717917,0.166667,1920,4111,6031
562,563,7/16/2012,3,1,7,0,1,1,1,0.763333,0.645,0.164187,1088,5742,6830
563,564,7/17/2012,3,1,7,0,2,1,1,0.818333,0.505833,0.114429,921,5865,6786
564,565,7/18/2012,3,1,7,0,3,1,1,0.793333,0.577083,0.137442,799,4914,5713
565,566,7/19/2012,3,1,7,0,4,1,1,0.77,0.600417,0.165429,888,5703,6591
566,567,7/20/2012,3,1,7,0,5,1,2,0.665833,0.844167,0.208967,747,5123,5870
567,568,7/21/2012,3,1,7,0,6,0,3,0.595833,0.865417,0.2133,1264,3195,4459
568,569,7/22/2012,3,1,7,0,0,0,2,0.6675,0.7625,0.09392080000000001,2544,4866,7410
569,570,7/23/2012,3,1,7,0,1,1,1,0.741667,0.694167,0.138683,1135,5831,6966
570,571,7/24/2012,3,1,7,0,2,1,1,0.750833,0.655,0.211454,1140,6452,7592
571,572,7/25/2012,3,1,7,0,3,1,1,0.724167,0.45,0.1648,1383,6790,8173
572,573,7/26/2012,3,1,7,0,4,1,1,0.776667,0.5966670000000001,0.28481300000000004,1036,5825,6861
573,574,7/27/2012,3,1,7,0,5,1,1,0.781667,0.594583,0.15299200000000002,1259,5645,6904
574,575,7/28/2012,3,1,7,0,6,0,1,0.755833,0.613333,0.15735,2234,4451,6685
575,576,7/29/2012,3,1,7,0,0,0,1,0.7216670000000001,0.62375,0.170396,2153,4444,6597
576,577,7/30/2012,3,1,7,0,1,1,1,0.730833,0.66875,0.153617,1040,6065,7105
577,578,7/31/2012,3,1,7,0,2,1,1,0.713333,0.704167,0.165425,968,6248,7216
578,579,8/1/2012,3,1,8,0,3,1,1,0.7175,0.6775,0.141179,1074,6506,7580
579,580,8/2/2012,3,1,8,0,4,1,1,0.7525,0.659583,0.129354,983,6278,7261
580,581,8/3/2012,3,1,8,0,5,1,2,0.765833,0.6425,0.215792,1328,5847,7175
581,582,8/4/2012,3,1,8,0,6,0,1,0.793333,0.613333,0.257458,2345,4479,6824
582,583,8/5/2012,3,1,8,0,0,0,1,0.769167,0.6525,0.290421,1707,3757,5464
583,584,8/6/2012,3,1,8,0,1,1,2,0.7525,0.654167,0.129354,1233,5780,7013
584,585,8/7/2012,3,1,8,0,2,1,2,0.735833,0.70375,0.116908,1278,5995,7273
585,586,8/8/2012,3,1,8,0,3,1,2,0.75,0.672917,0.1107,1263,6271,7534
586,587,8/9/2012,3,1,8,0,4,1,1,0.755833,0.620417,0.1561,1196,6090,7286
587,588,8/10/2012,3,1,8,0,5,1,2,0.7158329999999999,0.7158329999999999,0.238813,1065,4721,5786
588,589,8/11/2012,3,1,8,0,6,0,2,0.6925,0.732917,0.206479,2247,4052,6299
589,590,8/12/2012,3,1,8,0,0,0,1,0.700833,0.530417,0.122512,2182,4362,6544
590,591,8/13/2012,3,1,8,0,1,1,1,0.720833,0.545417,0.136212,1207,5676,6883
591,592,8/14/2012,3,1,8,0,2,1,1,0.726667,0.686667,0.169158,1128,5656,6784
592,593,8/15/2012,3,1,8,0,3,1,1,0.706667,0.619583,0.169771,1198,6149,7347
593,594,8/16/2012,3,1,8,0,4,1,1,0.719167,0.519167,0.141796,1338,6267,7605
594,595,8/17/2012,3,1,8,0,5,1,1,0.723333,0.570833,0.231354,1483,5665,7148
595,596,8/18/2012,3,1,8,0,6,0,1,0.678333,0.603333,0.177867,2827,5038,7865
596,597,8/19/2012,3,1,8,0,0,0,2,0.635833,0.711667,0.08645,1208,3341,4549
597,598,8/20/2012,3,1,8,0,1,1,2,0.635833,0.734167,0.12997899999999998,1026,5504,6530
598,599,8/21/2012,3,1,8,0,2,1,1,0.649167,0.67375,0.07277080000000001,1081,5925,7006
599,600,8/22/2012,3,1,8,0,3,1,1,0.6675,0.677083,0.0702833,1094,6281,7375
600,601,8/23/2012,3,1,8,0,4,1,1,0.695833,0.635833,0.08459580000000001,1363,6402,7765
601,602,8/24/2012,3,1,8,0,5,1,2,0.7025,0.615,0.07214580000000001,1325,6257,7582
602,603,8/25/2012,3,1,8,0,6,0,2,0.661667,0.712917,0.244408,1829,4224,6053
603,604,8/26/2012,3,1,8,0,0,0,2,0.6533329999999999,0.845833,0.228858,1483,3772,5255
604,605,8/27/2012,3,1,8,0,1,1,1,0.703333,0.730417,0.128733,989,5928,6917
605,606,8/28/2012,3,1,8,0,2,1,1,0.728333,0.62,0.190925,935,6105,7040
606,607,8/29/2012,3,1,8,0,3,1,1,0.685,0.552083,0.112562,1177,6520,7697
607,608,8/30/2012,3,1,8,0,4,1,1,0.706667,0.590417,0.0771167,1172,6541,7713
608,609,8/31/2012,3,1,8,0,5,1,1,0.764167,0.5875,0.168533,1433,5917,7350
609,610,9/1/2012,3,1,9,0,6,0,2,0.753333,0.638333,0.113187,2352,3788,6140
610,611,9/2/2012,3,1,9,0,0,0,2,0.696667,0.815,0.06407080000000001,2613,3197,5810
611,612,9/3/2012,3,1,9,1,1,0,1,0.7075,0.790833,0.151121,1965,4069,6034
612,613,9/4/2012,3,1,9,0,2,1,1,0.725833,0.755,0.236321,867,5997,6864
613,614,9/5/2012,3,1,9,0,3,1,1,0.736667,0.74125,0.187808,832,6280,7112
614,615,9/6/2012,3,1,9,0,4,1,2,0.696667,0.810417,0.142421,611,5592,6203
615,616,9/7/2012,3,1,9,0,5,1,1,0.703333,0.73625,0.171646,1045,6459,7504
616,617,9/8/2012,3,1,9,0,6,0,2,0.6591670000000001,0.799167,0.281104,1557,4419,5976
617,618,9/9/2012,3,1,9,0,0,0,1,0.61,0.5475,0.224496,2570,5657,8227
618,619,9/10/2012,3,1,9,0,1,1,1,0.583333,0.50375,0.258713,1118,6407,7525
619,620,9/11/2012,3,1,9,0,2,1,1,0.5775,0.52,0.09205419999999999,1070,6697,7767
620,621,9/12/2012,3,1,9,0,3,1,1,0.599167,0.577083,0.131846,1050,6820,7870
621,622,9/13/2012,3,1,9,0,4,1,1,0.6125,0.637083,0.08272080000000001,1054,6750,7804
622,623,9/14/2012,3,1,9,0,5,1,1,0.633333,0.6725,0.10386300000000001,1379,6630,8009
623,624,9/15/2012,3,1,9,0,6,0,1,0.608333,0.501667,0.247521,3160,5554,8714
624,625,9/16/2012,3,1,9,0,0,0,1,0.58,0.57,0.09018330000000001,2166,5167,7333
625,626,9/17/2012,3,1,9,0,1,1,2,0.580833,0.734583,0.15174200000000002,1022,5847,6869
626,627,9/18/2012,3,1,9,0,2,1,2,0.623333,0.8725,0.357587,371,3702,4073
627,628,9/19/2012,3,1,9,0,3,1,1,0.5525,0.536667,0.215175,788,6803,7591
628,629,9/20/2012,3,1,9,0,4,1,1,0.546667,0.618333,0.11816700000000001,939,6781,7720
629,630,9/21/2012,3,1,9,0,5,1,1,0.599167,0.66875,0.154229,1250,6917,8167
630,631,9/22/2012,3,1,9,0,6,0,1,0.65,0.646667,0.283583,2512,5883,8395
631,632,9/23/2012,4,1,9,0,0,0,1,0.529167,0.46708299999999997,0.22325799999999998,2454,5453,7907
632,633,9/24/2012,4,1,9,0,1,1,1,0.514167,0.492917,0.142404,1001,6435,7436
633,634,9/25/2012,4,1,9,0,2,1,1,0.55,0.57,0.236321,845,6693,7538
634,635,9/26/2012,4,1,9,0,3,1,1,0.635,0.630833,0.2444,787,6946,7733
635,636,9/27/2012,4,1,9,0,4,1,2,0.65,0.690833,0.13434200000000002,751,6642,7393
636,637,9/28/2012,4,1,9,0,5,1,2,0.619167,0.69,0.164179,1045,6370,7415
637,638,9/29/2012,4,1,9,0,6,0,1,0.5425,0.542917,0.227604,2589,5966,8555
638,639,9/30/2012,4,1,9,0,0,0,1,0.526667,0.583333,0.134958,2015,4874,6889
639,640,10/1/2012,4,1,10,0,1,1,2,0.520833,0.649167,0.09080419999999999,763,6015,6778
640,641,10/2/2012,4,1,10,0,2,1,3,0.5908329999999999,0.871667,0.104475,315,4324,4639
641,642,10/3/2012,4,1,10,0,3,1,2,0.6575,0.79375,0.0665458,728,6844,7572
642,643,10/4/2012,4,1,10,0,4,1,2,0.6575,0.722917,0.117546,891,6437,7328
643,644,10/5/2012,4,1,10,0,5,1,1,0.615,0.6275,0.10635,1516,6640,8156
644,645,10/6/2012,4,1,10,0,6,0,1,0.554167,0.664167,0.268025,3031,4934,7965
645,646,10/7/2012,4,1,10,0,0,0,2,0.415833,0.708333,0.14116199999999998,781,2729,3510
646,647,10/8/2012,4,1,10,1,1,0,2,0.383333,0.709583,0.189679,874,4604,5478
647,648,10/9/2012,4,1,10,0,2,1,2,0.446667,0.761667,0.1903,601,5791,6392
648,649,10/10/2012,4,1,10,0,3,1,1,0.514167,0.630833,0.18782100000000002,780,6911,7691
649,650,10/11/2012,4,1,10,0,4,1,1,0.435,0.463333,0.181596,834,6736,7570
650,651,10/12/2012,4,1,10,0,5,1,1,0.4375,0.539167,0.235092,1060,6222,7282
651,652,10/13/2012,4,1,10,0,6,0,1,0.393333,0.494583,0.146142,2252,4857,7109
652,653,10/14/2012,4,1,10,0,0,0,1,0.521667,0.640417,0.27861199999999997,2080,4559,6639
653,654,10/15/2012,4,1,10,0,1,1,2,0.561667,0.7075,0.296037,760,5115,5875
654,655,10/16/2012,4,1,10,0,2,1,1,0.468333,0.558333,0.182221,922,6612,7534
655,656,10/17/2012,4,1,10,0,3,1,1,0.455833,0.692917,0.101371,979,6482,7461
656,657,10/18/2012,4,1,10,0,4,1,2,0.5225,0.728333,0.23693699999999998,1008,6501,7509
657,658,10/19/2012,4,1,10,0,5,1,2,0.563333,0.815,0.134954,753,4671,5424
658,659,10/20/2012,4,1,10,0,6,0,1,0.484167,0.572917,0.11753699999999999,2806,5284,8090
659,660,10/21/2012,4,1,10,0,0,0,1,0.464167,0.51,0.166054,2132,4692,6824
660,661,10/22/2012,4,1,10,0,1,1,1,0.4875,0.568333,0.08148330000000001,830,6228,7058
661,662,10/23/2012,4,1,10,0,2,1,1,0.544167,0.641667,0.09454580000000001,841,6625,7466
662,663,10/24/2012,4,1,10,0,3,1,1,0.5875,0.63625,0.07277919999999999,795,6898,7693
663,664,10/25/2012,4,1,10,0,4,1,2,0.55,0.800417,0.124375,875,6484,7359
664,665,10/26/2012,4,1,10,0,5,1,2,0.545833,0.807083,0.132467,1182,6262,7444
665,666,10/27/2012,4,1,10,0,6,0,2,0.53,0.72,0.235692,2643,5209,7852
666,667,10/28/2012,4,1,10,0,0,0,2,0.4775,0.694583,0.398008,998,3461,4459
667,668,10/29/2012,4,1,10,0,1,1,3,0.44,0.88,0.3582,2,20,22
668,669,10/30/2012,4,1,10,0,2,1,2,0.318182,0.8254549999999999,0.213009,87,1009,1096
669,670,10/31/2012,4,1,10,0,3,1,2,0.3575,0.666667,0.166667,419,5147,5566
670,671,11/1/2012,4,1,11,0,4,1,2,0.365833,0.581667,0.157346,466,5520,5986
671,672,11/2/2012,4,1,11,0,5,1,1,0.355,0.522083,0.266175,618,5229,5847
672,673,11/3/2012,4,1,11,0,6,0,2,0.343333,0.49125,0.270529,1029,4109,5138
673,674,11/4/2012,4,1,11,0,0,0,1,0.325833,0.532917,0.179108,1201,3906,5107
674,675,11/5/2012,4,1,11,0,1,1,1,0.31916700000000003,0.494167,0.236325,378,4881,5259
675,676,11/6/2012,4,1,11,0,2,1,1,0.280833,0.567083,0.173513,466,5220,5686
676,677,11/7/2012,4,1,11,0,3,1,2,0.295833,0.5475,0.304108,326,4709,5035
677,678,11/8/2012,4,1,11,0,4,1,1,0.352174,0.333478,0.347835,340,4975,5315
678,679,11/9/2012,4,1,11,0,5,1,1,0.361667,0.540833,0.214558,709,5283,5992
679,680,11/10/2012,4,1,11,0,6,0,1,0.389167,0.645417,0.05784580000000001,2090,4446,6536
680,681,11/11/2012,4,1,11,0,0,0,1,0.420833,0.6591670000000001,0.1275,2290,4562,6852
681,682,11/12/2012,4,1,11,1,1,0,1,0.485,0.741667,0.173517,1097,5172,6269
682,683,11/13/2012,4,1,11,0,2,1,2,0.343333,0.662917,0.342046,327,3767,4094
683,684,11/14/2012,4,1,11,0,3,1,1,0.289167,0.552083,0.199625,373,5122,5495
684,685,11/15/2012,4,1,11,0,4,1,2,0.321667,0.620417,0.15298699999999998,320,5125,5445
685,686,11/16/2012,4,1,11,0,5,1,1,0.345,0.524583,0.171025,484,5214,5698
686,687,11/17/2012,4,1,11,0,6,0,1,0.325,0.545417,0.179729,1313,4316,5629
687,688,11/18/2012,4,1,11,0,0,0,1,0.3425,0.692917,0.22761199999999998,922,3747,4669
688,689,11/19/2012,4,1,11,0,1,1,2,0.380833,0.623333,0.235067,449,5050,5499
689,690,11/20/2012,4,1,11,0,2,1,2,0.374167,0.685,0.082725,534,5100,5634
690,691,11/21/2012,4,1,11,0,3,1,1,0.353333,0.61375,0.103246,615,4531,5146
691,692,11/22/2012,4,1,11,1,4,0,1,0.34,0.580417,0.05287080000000001,955,1470,2425
692,693,11/23/2012,4,1,11,0,5,1,1,0.36833299999999997,0.56875,0.148021,1603,2307,3910
693,694,11/24/2012,4,1,11,0,6,0,1,0.278333,0.40458299999999997,0.376871,532,1745,2277
694,695,11/25/2012,4,1,11,0,0,0,1,0.245833,0.468333,0.1505,309,2115,2424
695,696,11/26/2012,4,1,11,0,1,1,1,0.313333,0.535417,0.04665,337,4750,5087
696,697,11/27/2012,4,1,11,0,2,1,2,0.291667,0.786667,0.237562,123,3836,3959
697,698,11/28/2012,4,1,11,0,3,1,1,0.296667,0.50625,0.210821,198,5062,5260
698,699,11/29/2012,4,1,11,0,4,1,1,0.28087,0.555652,0.115522,243,5080,5323
699,700,11/30/2012,4,1,11,0,5,1,1,0.298333,0.649583,0.05847080000000001,362,5306,5668
700,701,12/1/2012,4,1,12,0,6,0,2,0.298333,0.806667,0.05970419999999999,951,4240,5191
701,702,12/2/2012,4,1,12,0,0,0,2,0.3475,0.823333,0.12437899999999999,892,3757,4649
702,703,12/3/2012,4,1,12,0,1,1,1,0.4525,0.7675,0.08272080000000001,555,5679,6234
703,704,12/4/2012,4,1,12,0,2,1,1,0.475833,0.73375,0.174129,551,6055,6606
704,705,12/5/2012,4,1,12,0,3,1,1,0.438333,0.485,0.324021,331,5398,5729
705,706,12/6/2012,4,1,12,0,4,1,1,0.255833,0.50875,0.174754,340,5035,5375
706,707,12/7/2012,4,1,12,0,5,1,2,0.320833,0.764167,0.1306,349,4659,5008
707,708,12/8/2012,4,1,12,0,6,0,2,0.38166700000000003,0.91125,0.101379,1153,4429,5582
708,709,12/9/2012,4,1,12,0,0,0,2,0.384167,0.905417,0.157975,441,2787,3228
709,710,12/10/2012,4,1,12,0,1,1,2,0.43583299999999997,0.925,0.190308,329,4841,5170
710,711,12/11/2012,4,1,12,0,2,1,2,0.353333,0.5966670000000001,0.296037,282,5219,5501
711,712,12/12/2012,4,1,12,0,3,1,2,0.2975,0.538333,0.162937,310,5009,5319
712,713,12/13/2012,4,1,12,0,4,1,1,0.295833,0.485833,0.174129,425,5107,5532
713,714,12/14/2012,4,1,12,0,5,1,1,0.281667,0.642917,0.13122899999999998,429,5182,5611
714,715,12/15/2012,4,1,12,0,6,0,1,0.324167,0.650417,0.10635,767,4280,5047
715,716,12/16/2012,4,1,12,0,0,0,2,0.3625,0.83875,0.100742,538,3248,3786
716,717,12/17/2012,4,1,12,0,1,1,2,0.393333,0.907083,0.0982583,212,4373,4585
717,718,12/18/2012,4,1,12,0,2,1,1,0.410833,0.66625,0.221404,433,5124,5557
718,719,12/19/2012,4,1,12,0,3,1,1,0.3325,0.625417,0.184092,333,4934,5267
719,720,12/20/2012,4,1,12,0,4,1,2,0.33,0.667917,0.132463,314,3814,4128
720,721,12/21/2012,1,1,12,0,5,1,2,0.326667,0.556667,0.37438299999999997,221,3402,3623
721,722,12/22/2012,1,1,12,0,6,0,1,0.265833,0.44125,0.407346,205,1544,1749
722,723,12/23/2012,1,1,12,0,0,0,1,0.245833,0.515417,0.13308299999999998,408,1379,1787
723,724,12/24/2012,1,1,12,0,1,1,2,0.231304,0.791304,0.07723039999999999,174,746,920
724,725,12/25/2012,1,1,12,1,2,0,2,0.291304,0.734783,0.168726,440,573,1013
725,726,12/26/2012,1,1,12,0,3,1,3,0.243333,0.823333,0.316546,9,432,441
726,727,12/27/2012,1,1,12,0,4,1,2,0.25416700000000003,0.652917,0.35013299999999997,247,1867,2114
727,728,12/28/2012,1,1,12,0,5,1,2,0.253333,0.59,0.155471,644,2451,3095
728,729,12/29/2012,1,1,12,0,6,0,2,0.253333,0.7529170000000001,0.124383,159,1182,1341
729,730,12/30/2012,1,1,12,0,0,0,1,0.255833,0.483333,0.350754,364,1432,1796
730,731,12/31/2012,1,1,12,0,1,1,2,0.215833,0.5775,0.154846,439,2290,2729
